{"IcoMoonType":"selection","icons":[{"icon":{"paths":["M853.333 0h-682.667c-93.867 0-170.667 76.8-170.667 170.667v682.667c0 93.867 76.8 170.667 170.667 170.667h682.667c93.867 0 170.667-76.8 170.667-170.667v-682.667c0-93.867-76.8-170.667-170.667-170.667zM803.806 803.328h-197.461l-184.286-285.218v285.218h-201.865v-570.539h197.495l184.252 283.102v-283.102h201.865v570.539z"],"attrs":[{}],"isMulticolor":false,"isMulticolor2":false,"grid":0,"tags":["N"],"colorPermutations":{"25525525513207931":[{}]}},"attrs":[{}],"properties":{"order":3,"id":1,"name":"naver_icon","prevSize":32,"code":59648},"setIdx":0,"setId":2,"iconIdx":0}],"height":1024,"metadata":{"name":"icomoon"},"preferences":{"showGlyphs":true,"showQuickUse":true,"showQuickUse2":true,"showSVGs":true,"fontPref":{"prefix":"icon-","metadata":{"fontFamily":"icomoon"},"metrics":{"emSize":1024,"baseline":6.25,"whitespace":50},"embed":false},"imagePref":{"prefix":"icon-","png":true,"useClassSelector":true,"color":0,"bgColor":16777215,"classSelector":".icon"},"historySize":50,"showCodes":true,"gridSize":16}}